{"MASS": 0.0404, "G_WORLD": [0.0, 0.0, -9.806599617004395], "I_TENSOR_DIAGONAL": [9.999999747378752e-05, 0.0009999999310821295, 9.999999974752427e-07], "DRAG": [0.04999999701976776, 0.4000000059604645, 0.05000000074505806], "THRUST_CONSTANT": [0.0, 0.0, 0.17999999225139618], "MAX_THRUST": [0.0, 0.0, 0.3399999737739563], "GROUND_EFFECT_MAX": 0.20000000298023224, "ROTOR_RADIUS": 0.2, "MAX_TAIL_THRUST": [0.0, 0.0, 0.01100000087171793], "TAIL_MOMENT_ARM": 0.12, "MAX_YAW_TORQUE": 0.0003, "GYRO_SPRING_CONSTANT": 0.009000000543892384, "ANGULAR_DRAG": [0.0010000000474974513, 9.999999747378752e-05, 9.999999747378752e-05], "CORIOLIS_CONSTANT": 0.0, "ROTOR_TIME_CONSTANT": 0.155, "PITCH_TIME_CONSTANT": 0.15000000596046448, "YAW_TIME_CONSTANT": 0.01, "CURRENT_DRAW_COEFF": 2.5, "BATTERY_CAPACITY": 540.0, "INTERNAL_RESISTANCE": 0.15}